{
  "fingerprint_name": "lab02_ble_ferrero",
  "variant": "with_empty_values",
  "output_variant": "with_empty_values_seed7",
  "distance_stats": {
    "count": 662,
    "min": 0.07258242271877913,
    "q1": 1.3374385203196357,
    "median": 2.0967519129522425,
    "mean": 2.3483852934500775,
    "q3": 3.0576906797788905,
    "max": 16.152650302034324
  }
}