{
  "fingerprint_name": "lab02_ble_ferrero",
  "variant": "with_empty_values",
  "output_variant": "with_empty_values_seed84",
  "distance_stats": {
    "count": 662,
    "min": 0.21914634849729606,
    "q1": 1.3763115008748399,
    "median": 2.145220661701057,
    "mean": 2.4002598759731795,
    "q3": 3.1105535503670003,
    "max": 16.28628516631262
  }
}