{
  "fingerprint_name": "lab02_ble_ferrero",
  "variant": "with_empty_values",
  "output_variant": "with_empty_values_seed21",
  "distance_stats": {
    "count": 662,
    "min": 0.1213535388034697,
    "q1": 1.316942161168786,
    "median": 1.9803727735828358,
    "mean": 2.3168772753770845,
    "q3": 3.0540068073774638,
    "max": 16.19744170493639
  }
}