{
  "fingerprint_name": "lab02_ble_ferrero",
  "variant": "with_empty_values",
  "distance_stats": {
    "count": 662,
    "min": 0.07425365283954098,
    "q1": 1.4032323139315066,
    "median": 2.1413106717769725,
    "mean": 2.369025234230707,
    "q3": 3.039415576154348,
    "max": 15.975668571668322
  }
}